<?xml version="1.0" encoding="utf-8" standalone="yes"?><rss version="2.0" xmlns:atom="http://www.w3.org/2005/Atom"><channel><title>Pages on Swapnil Nair</title><link>/pages/</link><description>Recent content in Pages on Swapnil Nair</description><generator>Hugo -- gohugo.io</generator><language>en-us</language><atom:link href="/pages/index.xml" rel="self" type="application/rss+xml"/><item><title>Privacy</title><link>/privacy-policy/</link><pubDate>Mon, 01 Jan 0001 00:00:00 +0000</pubDate><guid>/privacy-policy/</guid><description>Responsibility of Contributors Lorem ipsum dolor sit amet, consectetur adipiscing elit.</description></item><item><title>Résumé</title><link>/elements/</link><pubDate>Mon, 01 Jan 0001 00:00:00 +0000</pubDate><guid>/elements/</guid><description>Note
Resume will be up soon, for now enjoy a few favourite videos of mine.</description></item></channel></rss>