<?xml version="1.0" encoding="utf-8" standalone="yes"?><rss version="2.0" xmlns:atom="http://www.w3.org/2005/Atom"><channel><title>Humour on Swapnil Nair</title><link>/tags/humour/</link><description>Recent content in Humour on Swapnil Nair</description><generator>Hugo -- gohugo.io</generator><language>en-us</language><atom:link href="/tags/humour/index.xml" rel="self" type="application/rss+xml"/><item><title>Humour.</title><link>/humour/</link><pubDate>Mon, 01 Jan 0001 00:00:00 +0000</pubDate><guid>/humour/</guid><description>Disclaimer The jokes presented on this page are intended solely for entertainment purposes and are not meant to offend or harm any individuals or groups.</description></item></channel></rss>