<?xml version="1.0" encoding="utf-8" standalone="yes"?><rss version="2.0" xmlns:atom="http://www.w3.org/2005/Atom"><channel><title>Notes on Swapnil Nair</title><link>/notes/</link><description>Recent content in Notes on Swapnil Nair</description><generator>Hugo -- gohugo.io</generator><language>en-us</language><atom:link href="/notes/index.xml" rel="self" type="application/rss+xml"/><item><title>Dynamic Prog.</title><link>/notes/post-1/</link><pubDate>Mon, 01 Jan 0001 00:00:00 +0000</pubDate><guid>/notes/post-1/</guid><description>Rough notes for Manhattan Problem, Longest common subsequences and similarity.</description></item><item><title>Linux Commands</title><link>/notes/post-2/</link><pubDate>Mon, 01 Jan 0001 00:00:00 +0000</pubDate><guid>/notes/post-2/</guid><description>A rough overview of common commands needed for your average Linux user.</description></item></channel></rss>