<?xml version="1.0" encoding="utf-8" standalone="yes"?><rss version="2.0" xmlns:atom="http://www.w3.org/2005/Atom"><channel><title>System Commands on Swapnil Nair</title><link>/tags/system-commands/</link><description>Recent content in System Commands on Swapnil Nair</description><generator>Hugo -- gohugo.io</generator><language>en-us</language><atom:link href="/tags/system-commands/index.xml" rel="self" type="application/rss+xml"/><item><title>Linux Commands</title><link>/notes/post-2/</link><pubDate>Mon, 01 Jan 0001 00:00:00 +0000</pubDate><guid>/notes/post-2/</guid><description>A rough overview of common commands needed for your average Linux user.</description></item></channel></rss>