<?xml version="1.0" encoding="utf-8" standalone="yes"?><rss version="2.0" xmlns:atom="http://www.w3.org/2005/Atom"><channel><title>Tags on Swapnil Nair</title><link>/tags/</link><description>Recent content in Tags on Swapnil Nair</description><generator>Hugo -- gohugo.io</generator><language>en-us</language><lastBuildDate>Sun, 10 Sep 2023 00:00:00 +0530</lastBuildDate><atom:link href="/tags/index.xml" rel="self" type="application/rss+xml"/><item><title>Dev</title><link>/tags/dev/</link><pubDate>Sun, 10 Sep 2023 00:00:00 +0530</pubDate><guid>/tags/dev/</guid><description/></item><item><title>Economics</title><link>/tags/economics/</link><pubDate>Sun, 10 Sep 2023 00:00:00 +0530</pubDate><guid>/tags/economics/</guid><description/></item><item><title>Intro</title><link>/tags/intro/</link><pubDate>Sun, 10 Sep 2023 00:00:00 +0530</pubDate><guid>/tags/intro/</guid><description/></item><item><title>Kernel Dev</title><link>/tags/kernel-dev/</link><pubDate>Sun, 10 Sep 2023 00:00:00 +0530</pubDate><guid>/tags/kernel-dev/</guid><description/></item><item><title>Linux</title><link>/tags/linux/</link><pubDate>Sun, 10 Sep 2023 00:00:00 +0530</pubDate><guid>/tags/linux/</guid><description/></item><item><title>Theory</title><link>/tags/theory/</link><pubDate>Sun, 10 Sep 2023 00:00:00 +0530</pubDate><guid>/tags/theory/</guid><description/></item><item><title>Humour</title><link>/tags/humour/</link><pubDate>Mon, 01 Jan 0001 00:00:00 +0000</pubDate><guid>/tags/humour/</guid><description/></item><item><title>System Commands</title><link>/tags/system-commands/</link><pubDate>Mon, 01 Jan 0001 00:00:00 +0000</pubDate><guid>/tags/system-commands/</guid><description/></item></channel></rss>