<?xml version="1.0" encoding="utf-8" standalone="yes"?><rss version="2.0" xmlns:atom="http://www.w3.org/2005/Atom"><channel><title>tailwind on Swapnil Nair</title><link>/tags/tailwind/</link><description>Recent content in tailwind on Swapnil Nair</description><generator>Hugo -- gohugo.io</generator><language>en-us</language><lastBuildDate>Mon, 04 Apr 2022 05:00:00 +0000</lastBuildDate><atom:link href="/tags/tailwind/index.xml" rel="self" type="application/rss+xml"/><item><title>How to build an Application with modern Technology</title><link>/blog/post-2/</link><pubDate>Mon, 04 Apr 2022 05:00:00 +0000</pubDate><guid>/blog/post-2/</guid><description>Nemo vel ad consectetur namut rutrum ex, venenatis sollicitudin urna. Aliquam erat volutpat.</description></item><item><title>How to build an Application with modern Technology</title><link>/blog/post-3/</link><pubDate>Mon, 04 Apr 2022 05:00:00 +0000</pubDate><guid>/blog/post-3/</guid><description>Nemo vel ad consectetur namut rutrum ex, venenatis sollicitudin urna. Aliquam erat volutpat.</description></item></channel></rss>