<?xml version="1.0" encoding="utf-8" standalone="yes"?><rss version="2.0" xmlns:atom="http://www.w3.org/2005/Atom"><channel><title>Swapnil Nair</title><link>/</link><description>Recent content on Swapnil Nair</description><generator>Hugo -- gohugo.io</generator><language>en-us</language><lastBuildDate>Sun, 10 Sep 2023 00:00:00 +0530</lastBuildDate><atom:link href="/index.xml" rel="self" type="application/rss+xml"/><item><title>An intro to Microeconomics</title><link>/blog/post-1/</link><pubDate>Sun, 10 Sep 2023 00:00:00 +0530</pubDate><guid>/blog/post-1/</guid><description>A beginner&amp;rsquo;s guide to understanding microeconomics. Primarily sourced from Investopedia.</description></item><item><title>Kernel Dev</title><link>/blog/post-2/</link><pubDate>Sun, 10 Sep 2023 00:00:00 +0530</pubDate><guid>/blog/post-2/</guid><description>Very rough notes on kernel dev. Jotted down from the Kernel Dev 101 course from the Linux Foundation.</description></item><item><title>Dynamic Prog.</title><link>/notes/post-1/</link><pubDate>Mon, 01 Jan 0001 00:00:00 +0000</pubDate><guid>/notes/post-1/</guid><description>Rough notes for Manhattan Problem, Longest common subsequences and similarity.</description></item><item><title>Heimdall</title><link>/heimdall/</link><pubDate>Mon, 01 Jan 0001 00:00:00 +0000</pubDate><guid>/heimdall/</guid><description> About Me Projects I&amp;rsquo;ve done What I&amp;rsquo;m currently doing My tech side My non-tech side Articles Humour Research Home</description></item><item><title>Humour.</title><link>/humour/</link><pubDate>Mon, 01 Jan 0001 00:00:00 +0000</pubDate><guid>/humour/</guid><description>Disclaimer The jokes presented on this page are intended solely for entertainment purposes and are not meant to offend or harm any individuals or groups.</description></item><item><title>Linux Commands</title><link>/notes/post-2/</link><pubDate>Mon, 01 Jan 0001 00:00:00 +0000</pubDate><guid>/notes/post-2/</guid><description>A rough overview of common commands needed for your average Linux user.</description></item><item><title>Other stuff</title><link>/non-tech/</link><pubDate>Mon, 01 Jan 0001 00:00:00 +0000</pubDate><guid>/non-tech/</guid><description>Stay updated with the latest in Finance, Business and Tech. Read &amp;ldquo;Off the Wall Street&amp;rdquo; &amp;gt; Meanwhile here are a few videos I like These guys get design.</description></item><item><title>Ready to build your next project with Hugo?</title><link/><pubDate>Mon, 01 Jan 0001 00:00:00 +0000</pubDate><guid/><description/></item><item><title>Research</title><link>/research/</link><pubDate>Mon, 01 Jan 0001 00:00:00 +0000</pubDate><guid>/research/</guid><description>The Forward Forward algorithm A potential replacement / augment to the gradient based backpropagation algorithm used to train neural networks.</description></item><item><title>Swapnil</title><link>/authors/swapnil_nair/</link><pubDate>Mon, 01 Jan 0001 00:00:00 +0000</pubDate><guid>/authors/swapnil_nair/</guid><description>This is me. All contributors will get a dedicated section like this, so do send me articles to showcase on this site :)</description></item><item><title>Tech Stuff</title><link>/tech/</link><pubDate>Mon, 01 Jan 0001 00:00:00 +0000</pubDate><guid>/tech/</guid><description>Coming Soon. Stay tuned. Go see research in the meantime.</description></item><item><title>What Users Are Saying About Hugoplate</title><link/><pubDate>Mon, 01 Jan 0001 00:00:00 +0000</pubDate><guid/><description/></item></channel></rss>