<?xml version="1.0" encoding="utf-8" standalone="yes"?><rss version="2.0" xmlns:atom="http://www.w3.org/2005/Atom"><channel><title>Authors on Swapnil Nair</title><link>/authors/</link><description>Recent content in Authors on Swapnil Nair</description><generator>Hugo -- gohugo.io</generator><language>en-us</language><atom:link href="/authors/index.xml" rel="self" type="application/rss+xml"/><item><title>Swapnil</title><link>/authors/swapnil_nair/</link><pubDate>Mon, 01 Jan 0001 00:00:00 +0000</pubDate><guid>/authors/swapnil_nair/</guid><description>This is me. All contributors will get a dedicated section like this, so do send me articles to showcase on this site :)</description></item></channel></rss>