<?xml version="1.0" encoding="utf-8" standalone="yes"?><rss version="2.0" xmlns:atom="http://www.w3.org/2005/Atom"><channel><title>Quizzer, litterateur, tinkerer, debater, tech geek and above all - an engineer. on Swapnil Nair</title><link>/homepage/</link><description>Recent content in Quizzer, litterateur, tinkerer, debater, tech geek and above all - an engineer. on Swapnil Nair</description><generator>Hugo -- gohugo.io</generator><language>en-us</language><atom:link href="/homepage/index.xml" rel="self" type="application/rss+xml"/></channel></rss>