<?xml version="1.0" encoding="utf-8" standalone="yes"?><rss version="2.0" xmlns:atom="http://www.w3.org/2005/Atom"><channel><title>Application on Swapnil Nair</title><link>/categories/application/</link><description>Recent content in Application on Swapnil Nair</description><generator>Hugo -- gohugo.io</generator><language>en-us</language><lastBuildDate>Mon, 04 Apr 2022 05:00:00 +0000</lastBuildDate><atom:link href="/categories/application/index.xml" rel="self" type="application/rss+xml"/><item><title>How to build an Application with modern Technology</title><link>/blog/post-1/</link><pubDate>Mon, 04 Apr 2022 05:00:00 +0000</pubDate><guid>/blog/post-1/</guid><description>Nemo vel ad consectetur namut rutrum ex, venenatis sollicitudin urna. Aliquam erat volutpat.</description></item></channel></rss>