<?xml version="1.0" encoding="utf-8" standalone="yes"?><rss version="2.0" xmlns:atom="http://www.w3.org/2005/Atom"><channel><title>Linux on Swapnil Nair</title><link>/categories/linux/</link><description>Recent content in Linux on Swapnil Nair</description><generator>Hugo -- gohugo.io</generator><language>en-us</language><lastBuildDate>Sun, 10 Sep 2023 00:00:00 +0530</lastBuildDate><atom:link href="/categories/linux/index.xml" rel="self" type="application/rss+xml"/><item><title>Kernel Dev</title><link>/blog/post-2/</link><pubDate>Sun, 10 Sep 2023 00:00:00 +0530</pubDate><guid>/blog/post-2/</guid><description>Very rough notes on kernel dev. Jotted down from the Kernel Dev 101 course from the Linux Foundation.</description></item></channel></rss>