<?xml version="1.0" encoding="utf-8" standalone="yes"?><rss version="2.0" xmlns:atom="http://www.w3.org/2005/Atom"><channel><title>Theory on Swapnil Nair</title><link>/tags/theory/</link><description>Recent content in Theory on Swapnil Nair</description><generator>Hugo -- gohugo.io</generator><language>en-us</language><lastBuildDate>Sun, 10 Sep 2023 00:00:00 +0530</lastBuildDate><atom:link href="/tags/theory/index.xml" rel="self" type="application/rss+xml"/><item><title>An intro to Microeconomics</title><link>/blog/post-1/</link><pubDate>Sun, 10 Sep 2023 00:00:00 +0530</pubDate><guid>/blog/post-1/</guid><description>A beginner&amp;rsquo;s guide to understanding microeconomics. Primarily sourced from Investopedia.</description></item></channel></rss>