<?xml version="1.0" encoding="utf-8" standalone="yes"?><rss version="2.0" xmlns:atom="http://www.w3.org/2005/Atom"><channel><title>Categories on Swapnil Nair</title><link>/categories/</link><description>Recent content in Categories on Swapnil Nair</description><generator>Hugo -- gohugo.io</generator><language>en-us</language><lastBuildDate>Sun, 10 Sep 2023 00:00:00 +0530</lastBuildDate><atom:link href="/categories/index.xml" rel="self" type="application/rss+xml"/><item><title>Economics</title><link>/categories/economics/</link><pubDate>Sun, 10 Sep 2023 00:00:00 +0530</pubDate><guid>/categories/economics/</guid><description/></item><item><title>High-Level</title><link>/categories/high-level/</link><pubDate>Sun, 10 Sep 2023 00:00:00 +0530</pubDate><guid>/categories/high-level/</guid><description/></item><item><title>Linux</title><link>/categories/linux/</link><pubDate>Sun, 10 Sep 2023 00:00:00 +0530</pubDate><guid>/categories/linux/</guid><description/></item><item><title>Non-Tech</title><link>/categories/non-tech/</link><pubDate>Sun, 10 Sep 2023 00:00:00 +0530</pubDate><guid>/categories/non-tech/</guid><description/></item><item><title>Tech</title><link>/categories/tech/</link><pubDate>Sun, 10 Sep 2023 00:00:00 +0530</pubDate><guid>/categories/tech/</guid><description/></item></channel></rss>